Configuration,Mean Wins,Mean Losses,Mean Draws,Dealer Advantage
0.1,419.0000,500.3000,80.7000,0.088437
1/k,420.6000,503.2000,76.2000,0.089413
exp/1000,415.1000,500.7000,84.2000,0.093470
exp/10000,419.6000,489.5000,90.9000,0.076889
