Configuration,Mean Wins,Mean Losses,Mean Draws,Dealer Advantage
0.1,412.8000,499.3000,87.9000,0.094836
1/k,408.1000,497.8000,94.1000,0.099018
exp/1000,430.1000,471.7000,98.2000,0.046130
exp/10000,426.5000,484.8000,88.7000,0.063975
