Configuration,Mean Wins,Mean Losses,Mean Draws,Dealer Advantage
0.1,419.9000,500.4000,79.7000,0.087471
1/k,397.4000,528.0000,74.6000,0.141128
exp/1000,413.8000,497.3000,88.9000,0.091647
exp/10000,431.7000,482.2000,86.1000,0.055258
